순위,카테고리,채널,구독자수,조회수,비디오수
1,음악/댄스/가수,BLACKPINK,"73,500,000","23,316,630,000",394
2,음악/댄스/가수,BANGTANTV,"65,500,000","15,794,630,000","1,686"
3,음악/댄스/가수,HYBE LABELS,"65,000,000","22,190,690,000",818
4,음악/댄스/가수,SMTOWN,"30,300,000","24,310,770,000","3,895"
5,키즈/어린이,Boram Tube Vlog [보람튜브 브이로그],"26,500,000","11,052,880,000",223
6,음악/댄스/가수,1MILLION Dance Studio,"25,100,000","7,212,060,000","3,820"
7,음악/댄스/가수,JYP Entertainment,"24,300,000","16,208,950,000","1,469"
8,음악/댄스/가수,1theK (원더케이),"24,000,000","22,063,930,000","16,281"
9,음악/댄스/가수,Mnet K-POP,"19,400,000","14,792,810,000","27,839"
10,TV/방송,KBS WORLD TV,"17,700,000","13,451,430,000","56,373"
11,음악/댄스/가수,JFlaMusic,"17,500,000","3,593,590,000",282
12,음식/요리/레시피,Jane ASMR 제인,"16,300,000","6,100,980,000","1,432"
13,음악/댄스/가수,officialpsy,"15,500,000","9,080,630,000",94
14,음악/댄스/가수,BIGBANG,"14,700,000","7,112,360,000",776
15,음악/댄스/가수,TWICE,"13,500,000","3,247,020,000",773
16,음식/요리/레시피,Hongyu ASMR 홍유,"12,400,000","3,735,440,000",466
18,미분류,TheWeekndVEVO,"10,600,000","14,377,550,000",131
17,키즈/어린이,Nao FunFun,"10,600,000","4,300,000",30
19,키즈/어린이,핑크퐁 (인기 동요・동화),"10,500,000","6,406,870,000","2,555"
20,음악/댄스/가수,Stone Music Entertainment,"10,400,000","8,675,640,000","8,696"
21,키즈/어린이,DuDuPopTOY,"10,300,000","4,700,710,000","2,081"
22,키즈/어린이,Toymong tv 토이몽TV,"9,960,000","4,126,780,000","2,020"
23,TV/방송,MBCkpop,"9,820,000","7,987,590,000","42,690"
24,키즈/어린이,Larva TUBA,"9,650,000","4,243,240,000","2,833"
25,키즈/어린이,서은이야기[SeoeunStory],"9,420,000","3,240,870,000","1,065"
26,음식/요리/레시피,[햄지]Hamzy,"9,370,000","2,900,030,000",412
27,음악/댄스/가수,Stray Kids,"9,210,000","1,680,530,000",580
28,음악/댄스/가수,TOMORROW X TOGETHER OFFICIAL,"8,950,000","731,670,000","1,041"
29,음악/댄스/가수,Mnet TV,"8,840,000","10,667,030,000","20,034"
30,음악/댄스/가수,EXO,"8,780,000","606,470,000",265
31,뉴스/정치/사회,MBCentertainment,"8,680,000","15,591,840,000","90,483"
32,음악/댄스/가수,iKON,"8,590,000","2,252,960,000",506
33,TV/방송,M2,"8,150,000","6,473,440,000","15,856"
34,해외,Serie A,"8,110,000","2,847,210,000","22,516"
35,음식/요리/레시피,쏘영 Ssoyoung,"7,890,000","890,350,000",577
37,음식/요리/레시피,문복희 Eat with Boki,"7,630,000","1,885,290,000",554
36,음악/댄스/가수,SEVENTEEN,"7,630,000","2,694,890,000","1,069"
38,키즈/어린이,MariAndKids,"7,610,000","2,345,040,000",810
39,음악/댄스/가수,이지금 [IU Official],"7,510,000","1,426,630,000",141
41,뉴스/정치/사회,JTBC Entertainment,"7,290,000","10,697,060,000","69,511"
40,키즈/어린이,SonicToy소닉토이,"7,290,000","3,061,590,000",166
42,음악/댄스/가수,ITZY,"7,070,000","1,435,000,000",573
43,음악/댄스/가수,Sungha Jung,"6,900,000","1,921,510,000","1,319"
44,TV/방송,KBS Kpop,"6,850,000","5,520,520,000","32,534"
45,미분류,Pixar,"6,750,000","3,414,410,000",720
46,음악/댄스/가수,YG ENTERTAINMENT,"6,680,000","1,698,020,000",397
47,음악/댄스/가수,ALL THE K-POP,"6,640,000","4,178,910,000","22,357"
48,음악/댄스/가수,MAMAMOO,"6,620,000","1,981,840,000",687
49,TV/방송,스브스케이팝 / SBS KPOP,"6,490,000","4,714,600,000","29,194"
50,음식/요리/레시피,야미보이 Yummyboy,"6,350,000","2,394,160,000",943
51,TV/방송,SBS Entertainment,"6,340,000","7,682,090,000","220,698"
53,TV/방송,tvN drama,"6,180,000","6,537,700,000","40,933"
52,음악/댄스/가수,GOT7,"6,180,000","810,480,000",579
54,키즈/어린이,미니특공대TV,"6,150,000","3,468,940,000","1,264"
55,회사/오피셜,Samsung,"6,120,000","1,534,300,000","1,713"
56,TV/방송,SBS Drama,"6,060,000","6,434,330,000","342,573"
58,키즈/어린이,[장난감티비]TOYTV,"5,990,000","2,736,680,000","1,506"
57,음식/요리/레시피,tzuyang쯔양,"5,990,000","1,118,650,000",356
59,패션/미용,PONY Syndrome,"5,930,000","352,340,000",205
60,음악/댄스/가수,TREASURE (트레저),"5,690,000","1,276,350,000",453
61,키즈/어린이,스위트티비 SweetTV,"5,610,000","2,767,880,000",520
62,음악/댄스/가수,2NE1,"5,460,000","2,055,450,000",321
63,음식/요리/레시피,백종원의 요리비책 Paik's Cuisine,"5,340,000","641,600,000",408
64,음악/댄스/가수,starshipTV,"5,290,000","3,144,280,000","2,016"
65,키즈/어린이,콩순이 · 시크릿쥬쥬 [Kongsuni · Secret Jouju],"5,220,000","4,744,980,000","1,325"
66,BJ/인물/연예인,[Awesome Haeun]어썸하은,"5,200,000","838,950,000",521
67,키즈/어린이,베이비버스 -인기 동요・동화,"5,100,000","3,498,080,000","1,398"
68,키즈/어린이,With Kids Playground [위드키즈 놀이터],"5,080,000","1,918,230,000",426
69,음악/댄스/가수,NCT,"5,060,000","453,450,000",363
70,키즈/어린이,TOY GUMA,"5,040,000","1,667,050,000",319
71,음악/댄스/가수,Red Velvet,"4,950,000","878,330,000",193
73,뉴스/정치/사회,SBS NOW / SBS 공식 채널,"4,920,000","5,022,140,000","21,143"
72,음악/댄스/가수,BT21,"4,920,000","420,950,000",230
74,키즈/어린이,ToyMart TV,"4,890,000","2,149,740,000",652
75,음식/요리/레시피,푸메Fume,"4,840,000","1,015,950,000",545
76,TV/방송,KBS Entertain,"4,750,000","7,881,280,000","106,051"
77,BJ/인물/연예인,영국남자 Korean Englishman,"4,720,000","1,573,890,000",460
78,TV/방송,MBCdrama,"4,680,000","5,317,080,000","55,901"
79,음악/댄스/가수,NCT DREAM,"4,670,000","620,290,000",303
81,음악/댄스/가수,ASTRO 아스트로,"4,650,000","484,560,000",536
80,음식/요리/레시피,떵개떵,"4,650,000","2,701,200,000","4,567"
82,키즈/어린이,뽀로로(Pororo),"4,550,000","6,297,970,000","3,807"
83,음악/댄스/가수,NCT 127,"4,530,000","581,750,000",316
84,TV/방송,JTBC Drama,"4,510,000","4,648,540,000","25,017"
85,음악/댄스/가수,Rosesarerosie,"4,490,000","37,470,000",8
86,애완/반려동물,SBS TV동물농장x애니멀봐,"4,480,000","4,118,480,000","3,435"
87,음식/요리/레시피,Cooking tree 쿠킹트리,"4,460,000","428,180,000","1,245"
89,음식/요리/레시피,까니짱 [ G-NI ],"4,400,000","1,208,200,000",602
88,음식/요리/레시피,하루한끼 one meal a day,"4,400,000","442,470,000",186
90,TV/방송,채널 NCT DAILY,"4,390,000","797,810,000",467
91,키즈/어린이,슈슈토이 Shushu ToysReview,"4,320,000","1,642,660,000",694
92,게임,EA SPORTS FIFA,"4,280,000","808,850,000",795
93,음악/댄스/가수,Raon,"4,270,000","1,008,870,000",310
94,키즈/어린이,CoCosToy 꼬꼬스토이,"4,220,000","2,496,080,000",605
95,키즈/어린이,로미유 스토리[Romiyu Story],"4,200,000","1,113,220,000",434
96,키즈/어린이,미니팡TV,"4,190,000","2,837,590,000",734
97,음식/요리/레시피,[Dorothy]도로시,"4,170,000","1,014,560,000",916
98,미분류,MayTree,"4,100,000","755,490,000",173
99,취미/라이프,JaeYeol ASMR 재열,"4,090,000","1,164,530,000","1,085"
100,TV/방송,채널 십오야,"4,040,000","882,780,000",547
101,BJ/인물/연예인,허팝Heopop,"3,940,000","3,442,370,000","1,947"
102,음악/댄스/가수,WINNER,"3,890,000","1,275,960,000",503
103,TV/방송,워크맨-Workman,"3,810,000","829,610,000",184
104,키즈/어린이,Lime Tube[라임튜브],"3,770,000","2,724,540,000","1,913"
105,애완/반려동물,크림히어로즈,"3,760,000","1,487,170,000","1,027"
106,BJ/인물/연예인,ARTBEAT,"3,740,000","1,035,130,000","1,363"
108,BJ/인물/연예인,waveya 2011,"3,720,000","1,367,300,000",729
107,음식/요리/레시피,5 분 Tricks,"3,720,000","1,347,410,000","3,539"
109,TV/방송,TV-People,"3,710,000","4,257,120,000","18,656"
111,음악/댄스/가수,(G)I-DLE (여자)아이들 (Official YouTube Channel),"3,700,000","1,299,540,000",265
110,음악/댄스/가수,백현 Baekhyun,"3,690,000","47,010,000",16
113,TV/방송,KBS Drama,"3,670,000","4,688,950,000","119,883"
112,TV/방송,딩고 뮤직 / dingo music,"3,670,000","1,392,960,000","1,645"
114,미분류,GH'S,"3,650,000","1,660,900,000",151
116,음악/댄스/가수,STUDIO CHOOM [스튜디오 춤],"3,630,000","1,610,540,000",907
115,키즈/어린이,제이제이 튜브 [JJ Tube],"3,630,000","2,311,960,000",506
117,키즈/어린이,Milana FamilyShow[EN],"3,620,000","991,870,000",187
118,회사/오피셜,Billboard,"3,550,000","1,206,460,000","7,527"
119,취미/라이프,drawholic,"3,530,000","412,670,000",355
120,TV/방송,tvN,"3,450,000","5,215,330,000","64,402"
121,키즈/어린이,키즈팡TV,"3,430,000","2,129,820,000","2,032"
122,TV/방송,tvN D ENT,"3,420,000","6,949,220,000","18,615"
123,TV/방송,솔라시도 solarsido,"3,380,000","225,750,000",300
124,음악/댄스/가수,imlisarhee,"3,340,000","484,190,000",604
126,키즈/어린이,리월드RIWORLD,"3,330,000","1,319,300,000",209
125,음악/댄스/가수,KARD,"3,330,000","639,610,000",320
127,키즈/어린이,EBS 키즈,"3,290,000","4,268,870,000","19,707"
128,키즈/어린이,럭키강이 LuckyKang i,"3,220,000","1,426,700,000","1,351"
129,TV/방송,JTBC Voyage,"3,190,000","4,072,710,000","8,824"
130,뉴스/정치/사회,YTN news,"3,160,000","7,366,550,000","596,520"
131,키즈/어린이,MariAndToys,"3,140,000","572,690,000",220
132,영화/만화/애니,장삐쭈,"3,110,000","1,474,420,000",412
133,키즈/어린이,카 로봇 Car Robot,"3,100,000","1,829,820,000","3,569"
135,음식/요리/레시피,푸드킹덤 Food Kingdom,"3,090,000","1,246,920,000",918
134,취미/라이프,사나고 Sanago,"3,090,000","431,290,000",154
136,음식/요리/레시피,유디티TV,"3,080,000","636,560,000","1,073"
137,스포츠/운동,피지컬갤러리,"3,060,000","590,860,000",681
139,TV/방송,옛드 : MBC 레전드 드라마,"3,040,000","5,542,950,000","46,533"
138,음악/댄스/가수,JAY PARK,"3,040,000","806,140,000",145
140,음식/요리/레시피,FRAN,"3,030,000","1,097,010,000","1,890"
141,취미/라이프,Thankyou BUBU,"3,020,000","520,900,000",134
142,키즈/어린이,헤이지니 Hey Jini,"3,010,000","1,985,120,000","1,340"
144,음악/댄스/가수,HyunA,"2,990,000","463,420,000",71
143,취미/라이프,odg,"2,990,000","527,120,000",132
145,음악/댄스/가수,Jessi,"2,980,000","513,980,000",60
146,음악/댄스/가수,새송 Saesong,"2,920,000","304,460,000",256
147,음식/요리/레시피,ZOEY ASMR 조이,"2,910,000","695,960,000",697
148,음식/요리/레시피,양수빈,"2,860,000","512,800,000",281
149,TV/방송,런닝맨 - 스브스 공식 채널,"2,830,000","3,968,140,000","54,092"
150,뉴스/정치/사회,TVCHOSUN - TV조선,"2,790,000","4,612,010,000","71,457"
152,키즈/어린이,Boys Playtime,"2,780,000","1,365,940,000",519
151,취미/라이프,팬케이Pan K The Pancake Artist,"2,780,000","869,740,000",564
155,음식/요리/레시피,지현꿍,"2,720,000","250,130,000",113
154,TV/방송,ATEEZ,"2,720,000","339,180,000",508
153,음식/요리/레시피,한세 HANSE,"2,720,000","392,480,000",583
156,음악/댄스/가수,AKMU,"2,710,000","779,230,000",148
157,음식/요리/레시피,나도Nado,"2,690,000","736,300,000",752
158,음식/요리/레시피,애정 Aejeong,"2,640,000","458,230,000",470
159,음악/댄스/가수,THEBLACKLABEL,"2,600,000","661,880,000",126
161,TV/방송,EBSDocumentary (EBS 다큐),"2,580,000","2,340,470,000","30,112"
160,취미/라이프,ASMR PPOMO,"2,580,000","694,340,000",423
163,음악/댄스/가수,GIRLS' GENERATION,"2,550,000","196,850,000",95
162,BJ/인물/연예인,International Couple[사샤와 제이],"2,550,000","333,340,000",174
165,키즈/어린이,꼬마버스 타요,"2,540,000","1,966,220,000","2,504"
164,뉴스/정치/사회,SBS Catch,"2,540,000","2,543,110,000","4,041"
168,스포츠/운동,김종국 GYM JONG KOOK,"2,500,000","137,150,000",46
167,음식/요리/레시피,Chihun ASMR 치훈,"2,500,000","474,690,000",539
166,TV/방송,PLAYLIST ORIGINALS 플레이리스트 오리지널,"2,500,000","1,014,420,000",755
169,뉴스/정치/사회,SBS 뉴스,"2,490,000","4,003,750,000","130,366"
170,키즈/어린이,보라미TV BoramiTV,"2,470,000","858,590,000",602
171,BJ/인물/연예인,JOLLY,"2,440,000","581,130,000",391
172,키즈/어린이,ToyFamily,"2,430,000","420,000",38
174,해외,The Wiggles,"2,360,000","2,925,380,000",722
173,BJ/인물/연예인,흔한남매,"2,360,000","2,492,560,000",904
175,게임,도티 TV,"2,350,000","2,717,830,000","3,331"
178,음악/댄스/가수,MONSTA X,"2,340,000","342,890,000",198
177,BJ/인물/연예인,진용진,"2,340,000","754,350,000",466
176,음식/요리/레시피,흥삼이네 Heungsam's Family,"2,340,000","1,180,280,000","1,474"
179,음악/댄스/가수,mirrorHD,"2,320,000","1,286,810,000",208
183,TV/방송,스브스 예능맛집,"2,300,000","1,855,980,000","3,827"
182,음악/댄스/가수,The K-POP,"2,300,000","694,880,000","8,438"
181,음악/댄스/가수,SHINee,"2,300,000","245,090,000",176
180,음악/댄스/가수,United CUBE (CUBE Entertainment Official YouTube Channel),"2,300,000","736,730,000","1,583"
185,음악/댄스/가수,채널 NCT MUSIC,"2,280,000","183,990,000",29
184,영화/만화/애니,총몇명,"2,280,000","906,770,000",356
188,음악/댄스/가수,여자친구 GFRIEND OFFICIAL,"2,270,000","507,190,000",515
187,키즈/어린이,"토닥토닥 꼬모 - 애니메이션, 동요, 놀이","2,270,000","2,748,260,000",934
186,BJ/인물/연예인,와썹맨-Wassup Man,"2,270,000","325,450,000",194
190,음악/댄스/가수,거리노래방,"2,260,000","295,970,000",889
189,패션/미용,RISABAE,"2,260,000","280,520,000",395
192,BJ/인물/연예인,VIVA DANCE STUDIO,"2,250,000","402,320,000","2,538"
191,BJ/인물/연예인,엔조이커플enjoycouple,"2,250,000","879,320,000",597
194,음악/댄스/가수,SUPER JUNIOR,"2,230,000","129,680,000",235
193,키즈/어린이,MariAndFriends,"2,230,000","1,626,590,000","1,883"
195,키즈/어린이,또봇 V · 슈퍼텐 [Tobot V · Super10],"2,220,000","2,798,860,000","1,958"
196,음악/댄스/가수,official IZ*ONE,"2,210,000","633,210,000",270
197,BJ/인물/연예인,해그린달 haegreendal,"2,200,000","93,740,000",62
198,음악/댄스/가수,채널 NCT DANCE,"2,190,000","202,950,000",42
199,음악/댄스/가수,OfficialGDRAGON,"2,180,000","87,450,000",0
200,키즈/어린이,[wonderkids TV] 원더키즈 TV,"2,170,000","984,050,000",966
201,음식/요리/레시피,꿀키honeykki,"2,160,000","272,420,000",439
202,게임,감스트GAMST,"2,150,000","1,535,580,000","4,500"
203,음악/댄스/가수,헨리 Henry Lau,"2,140,000","214,120,000",175
206,음악/댄스/가수,KQ ENTERTAINMENT,"2,130,000","821,070,000",334
210,음악/댄스/가수,4Minute 포미닛(Official YouTube Channel),"2,130,000","1,298,870,000",82
205,뉴스/정치/사회,JTBC News,"2,130,000","3,739,810,000","134,015"
204,IT/기술/컴퓨터,ITSub잇섭,"2,130,000","719,200,000",891
211,영화/만화/애니,짤툰,"2,120,000","1,415,190,000",768
209,TV/방송,보길 bogil,"2,120,000","858,630,000","1,148"
208,키즈/어린이,캐릭온 TV,"2,120,000","2,171,450,000",814
207,음식/요리/레시피,JerryPop,"2,120,000","776,700,000",413
215,뉴스/정치/사회,채널A 캔버스,"2,110,000","2,532,290,000","28,075"
214,뉴스/정치/사회,MBCNEWS,"2,110,000","5,210,700,000","138,354"
213,교육/강의,슈카월드,"2,110,000","383,540,000","1,077"
212,애완/반려동물,수리노을SuriNoel,"2,110,000","765,450,000","1,109"
216,교육/강의,디바제시카DeevaJessica,"2,080,000","902,400,000","3,058"
217,교육/강의,올리버쌤,"2,070,000","621,640,000",680
221,TV/방송,아는형님 Knowingbros,"2,060,000","1,048,370,000","2,395"
220,음식/요리/레시피,도남이먹방Donam,"2,060,000","676,870,000",884
219,영화/만화/애니,레이디버그TV,"2,060,000","77,140,000",174
218,BJ/인물/연예인,공대생 변승주 DS,"2,060,000","1,501,030,000","1,581"
222,영화/만화/애니,CheezeFilm,"2,050,000","505,690,000",233
223,음악/댄스/가수,CL Official Channel,"2,030,000","233,940,000",67
224,TV/방송,퇴경아 약먹자,"2,020,000","348,920,000",672
225,게임,잠뜰 TV,"2,010,000","2,795,120,000","3,043"
226,키즈/어린이,캐리TV 장난감친구들,"2,000,000","2,757,300,000","2,827"
227,음식/요리/레시피,FoodieBoy 푸디보이,"1,980,000","695,250,000","1,191"
228,음악/댄스/가수,woolliment,"1,970,000","823,890,000",852
229,영화/만화/애니,지무비 : G Movie,"1,960,000","714,790,000",320
231,음악/댄스/가수,A-YEON,"1,950,000","219,070,000",54
230,애완/반려동물,밀키복이탄이MilkyBokiTan,"1,950,000","626,680,000",426
233,음악/댄스/가수,CHEN,"1,940,000","33,280,000",10
232,키즈/어린이,Toy Wizard [토이위자드],"1,940,000","721,310,000",642
234,주식/경제/부동산,삼프로TV_경제의신과함께,"1,930,000","610,040,000","7,595"
237,음악/댄스/가수,MLD ENTERTAINMENT,"1,920,000","785,170,000",639
236,음악/댄스/가수,EXID_OFFICIAL,"1,920,000","667,940,000",332
235,영화/만화/애니,고몽,"1,920,000","891,050,000",517
239,키즈/어린이,뉴욕이네,"1,900,000","869,310,000",800
238,취미/라이프,Imaginative Guy,"1,900,000","623,540,000",122
240,TV/방송,tvN D STUDIO,"1,890,000","627,600,000","1,193"
242,음악/댄스/가수,loonatheworld,"1,880,000","679,100,000","1,073"
244,미분류,Kep1er,"1,870,000","199,210,000",73
243,애완/반려동물,[THE SOY]루퐁이네,"1,870,000","607,680,000",398
241,키즈/어린이,대문밖장덕대,"1,870,000","832,770,000","1,589"
247,음악/댄스/가수,ARIRANG K-POP,"1,860,000","769,980,000","28,924"
246,스포츠/운동,Allblanc TV,"1,860,000","211,840,000",411
245,교육/강의,데이브 World of Dave,"1,860,000","460,110,000",661
249,패션/미용,free지아,"1,850,000","6,330,000",1
248,음악/댄스/가수,BTOB 비투비 (Official YouTube Channel),"1,850,000","513,690,000",730
251,키즈/어린이,Dollightful,"1,840,000","291,550,000",159
250,TV/방송,dingo freestyle,"1,840,000","1,138,030,000","1,038"
252,음악/댄스/가수,AOMGOFFICIAL,"1,830,000","466,320,000",392
254,뉴스/정치/사회,디글 클래식 :Diggle Classic,"1,820,000","4,463,030,000","24,903"
253,음악/댄스/가수,DAY6,"1,820,000","330,360,000",392
256,음악/댄스/가수,셀프어쿠스틱selfacoustic,"1,810,000","444,520,000",174
255,음식/요리/레시피,ASMR Suna 꿀꿀선아,"1,810,000","446,480,000",329
260,음악/댄스/가수,THE BOYZ,"1,800,000","373,800,000",563
259,음악/댄스/가수,비몽,"1,800,000","961,330,000","4,582"
258,TV/방송,문명특급 - MMTG,"1,800,000","478,830,000",296
257,패션/미용,Wishtrend TV,"1,800,000","160,860,000",882
262,음식/요리/레시피,입짧은햇님,"1,790,000","743,030,000","2,641"
261,IT/기술/컴퓨터,밝은 면 Bright Side Korea,"1,790,000","506,750,000","3,919"
263,키즈/어린이,꾹TV(Kkuk TV),"1,780,000","1,083,310,000","1,490"
265,게임,소맥거핀,"1,770,000","569,920,000",213
264,패션/미용,조효진 HYOJIN,"1,770,000","185,370,000",341
266,게임,악동 김블루,"1,750,000","1,112,710,000",871
268,주식/경제/부동산,신사임당,"1,740,000","261,140,000","1,261"
267,TV/방송,콬TV,"1,740,000","606,400,000",864
273,뉴스/정치/사회,EBSCulture (EBS 교양),"1,730,000","1,275,160,000","43,125"
272,TV/방송,MBN Entertainment,"1,730,000","1,732,650,000","46,747"
271,키즈/어린이,유라야놀자(Let's play YURA),"1,730,000","1,899,830,000","1,560"
270,애완/반려동물,내셔널지오그래픽 - National Geographic Korea,"1,730,000","775,970,000","3,265"
269,음식/요리/레시피,[Nareum_TV] 나름TV,"1,730,000","608,480,000",768
274,음악/댄스/가수,OfficialLEEHI,"1,720,000","411,970,000",106
277,뉴스/정치/사회,진성호방송,"1,700,000","2,721,060,000","10,330"
276,애완/반려동물,슈앤트리 SHU AND TREE,"1,700,000","382,300,000",425
275,BJ/인물/연예인,보물섬,"1,700,000","1,253,380,000",495
280,음악/댄스/가수,DJ SODA OFFICIAL,"1,680,000","232,780,000",163
279,스포츠/운동,SPOTV,"1,680,000","1,555,470,000","41,661"
278,게임,양띵 유튜브,"1,680,000","1,967,380,000","7,642"
281,음악/댄스/가수,PENTAGON 펜타곤 (Official YouTube Channel),"1,670,000","281,500,000",558
282,TV/방송,KBS 한국방송,"1,660,000","1,555,060,000","29,352"
283,BJ/인물/연예인,더블비,"1,650,000","1,063,440,000",501
284,음식/요리/레시피,이 남자의 cook,"1,630,000","320,650,000",623
287,음악/댄스/가수,GOT7,"1,620,000","24,110,000",3
286,뉴스/정치/사회,KBS News,"1,620,000","2,453,220,000","202,083"
285,뉴스/정치/사회,채널A 뉴스,"1,620,000","2,128,550,000","69,172"
290,음악/댄스/가수,시즌비시즌 Season B Season,"1,610,000","213,360,000",88
289,음악/댄스/가수,DOJIN도진이,"1,610,000","89,490,000",57
288,게임,대도서관TV (buzzbean11),"1,610,000","1,460,420,000","9,750"
294,음식/요리/레시피,ETTV 이티티비,"1,600,000","688,670,000","1,172"
303,게임,T1 Faker,"1,600,000","315,830,000","1,245"
293,음식/요리/레시피,승우아빠,"1,600,000","528,580,000",687
292,키즈/어린이,지니키즈 Genikids (인기 동요・동화),"1,600,000","1,275,610,000","1,160"
291,TV/방송,조재원,"1,600,000","444,250,000",316
298,음악/댄스/가수,NU'EST,"1,590,000","245,590,000",687
297,패션/미용,이수현 Official,"1,590,000","75,340,000",103
296,키즈/어린이,깨비키즈 [KEBIKIDS],"1,590,000","1,688,740,000","1,859"
295,음악/댄스/가수,Daily Busking,"1,590,000","642,820,000",969
302,게임,뜨뜨뜨뜨,"1,580,000","782,490,000","1,595"
301,교육/강의,jannahkorea 잔나코리아,"1,580,000","179,360,000",458
300,음식/요리/레시피,슈기님,"1,580,000","633,800,000","1,419"
299,음식/요리/레시피,HONG SOUND,"1,580,000","391,490,000","1,074"
306,TV/방송,INTHESOOP_TV,"1,570,000","35,390,000",42
305,BJ/인물/연예인,[상윤쓰]Sangyoon,"1,570,000","336,810,000",169
304,음악/댄스/가수,FNCEnt,"1,570,000","347,260,000","1,509"
309,뉴스/정치/사회,KBS Drama Classic,"1,560,000","1,469,560,000","9,986"
308,TV/방송,오킹TV,"1,560,000","661,900,000","1,493"
307,음악/댄스/가수,버블디아,"1,560,000","424,290,000","1,231"
312,미분류,1분미만,"1,550,000","343,760,000",178
311,게임,침착맨,"1,550,000","1,023,580,000","6,126"
310,BJ/인물/연예인,JAYKEEOUT,"1,550,000","231,140,000",233
313,키즈/어린이,티디키즈 (인기 동요・동화),"1,540,000","1,007,290,000",458
317,TV/방송,KBS HUMAN: 뭉클티비,"1,530,000","839,720,000","4,583"
316,키즈/어린이,브라보키즈_BRAVO KIDS,"1,530,000","1,590,710,000","1,884"
315,BJ/인물/연예인,웃소 Wootso,"1,530,000","1,615,970,000",790
314,게임,김재원의 즐거운 세상,"1,530,000","1,814,190,000","2,157"
321,BJ/인물/연예인,혜리,"1,520,000","88,100,000",81
320,취미/라이프,피식대학Psick Univ,"1,520,000","470,590,000",537
319,음식/요리/레시피,칩chip,"1,520,000","215,710,000",36
318,게임,태경 TV,"1,520,000","2,294,830,000","2,741"
326,뉴스/정치/사회,SBS STORY,"1,510,000","1,878,930,000","80,727"
325,키즈/어린이,Edu car toy school,"1,510,000","790,540,000","1,305"
324,음악/댄스/가수,워너뮤직코리아 (Warner Music Korea),"1,510,000","923,130,000","2,897"
323,교육/강의,사물궁이 잡학지식,"1,510,000","260,510,000",318
322,음식/요리/레시피,최고다윽박,"1,510,000","898,540,000","1,669"
331,미분류,1분요리 뚝딱이형,"1,500,000","335,830,000",290
330,TV/방송,디글 :Diggle,"1,500,000","3,587,660,000","17,879"
329,음악/댄스/가수,Chuther츄더[문에스더],"1,500,000","231,260,000",163
328,TV/방송,MKTV 김미경TV,"1,500,000","292,810,000","1,778"
327,패션/미용,ssin 씬님,"1,500,000","443,480,000",724
333,음악/댄스/가수,Lemoring,"1,490,000","937,950,000",528
332,뉴스/정치/사회,세바시 강연 Sebasi Talk,"1,490,000","330,710,000","2,173"
334,TV/방송,"안구정화TV, Your Korean Friend","1,470,000","128,590,000",191
336,음악/댄스/가수,Dreamcatcher official,"1,460,000","412,980,000",432
335,TV/방송,동네놈들,"1,460,000","358,730,000",349
338,교육/강의,스터디언,"1,450,000","292,150,000","3,600"
337,뉴스/정치/사회,신의한수,"1,450,000","1,249,770,000","9,397"
343,미분류,숏박스,"1,430,000","109,490,000",33
342,미분류,뽀송한 준_bosungjun,"1,430,000","133,270,000",125
341,취미/라이프,낄낄상회,"1,430,000","419,780,000",332
340,교육/강의,Talk To Me In Korean,"1,430,000","66,700,000","1,606"
339,TV/방송,Mera,"1,430,000","1,260,860,000","7,558"
346,미분류,ROOKIE MING 루키밍,"1,420,000","837,320,000",616
345,게임,혜안,"1,420,000","575,500,000",887
344,음식/요리/레시피,ARIKITCHEN (아리키친),"1,420,000","359,340,000",477
350,TV/방송,Beginagain 비긴어게인,"1,410,000","630,750,000","1,165"
349,TV/방송,한문철 TV,"1,410,000","1,713,190,000","16,874"
348,게임,우주하마,"1,410,000","810,390,000","1,987"
347,음식/요리/레시피,엠브로 MBRO,"1,410,000",0,0
355,미분류,Access,"1,400,000","1,252,600,000","27,525"
354,교육/강의,seemile Korean,"1,400,000","99,880,000","1,147"
353,BJ/인물/연예인,급식왕,"1,400,000","1,701,750,000",732
352,음악/댄스/가수,K-Tigers TV,"1,400,000","209,650,000",475
351,키즈/어린이,헬로카봇 - hello carbot official,"1,400,000","1,314,040,000","1,268"
356,교육/강의,조승연의 탐구생활,"1,390,000","112,490,000",250
359,TV/방송,14F 일사에프,"1,380,000","524,740,000","2,889"
358,음식/요리/레시피,파뿌리,"1,380,000","1,355,350,000","1,463"
357,BJ/인물/연예인,NALU,"1,380,000","107,690,000",167
363,음악/댄스/가수,Apink (에이핑크),"1,370,000","413,430,000",684
362,TV/방송,BLACKHAND,"1,370,000","342,320,000",56
361,BJ/인물/연예인,철구형 (CHULTUBE),"1,370,000","1,322,290,000","6,947"
360,영화/만화/애니,김시선,"1,370,000","473,420,000",438
370,음악/댄스/가수,ONEUS,"1,360,000","254,240,000",454
369,음악/댄스/가수,BEAST 비스트 (Official YouTube Channel),"1,360,000","599,050,000",118
368,음식/요리/레시피,산적TV 밥굽남,"1,360,000","311,720,000",605
367,뉴스/정치/사회,TBS 시민의방송,"1,360,000","1,193,800,000","37,288"
366,음악/댄스/가수,GENIE MUSIC,"1,360,000","496,270,000","4,281"
365,TV/방송,Solfa,"1,360,000","231,790,000",49
364,BJ/인물/연예인,박막례 할머니 Korea_Grandma,"1,360,000","446,210,000",478
374,음악/댄스/가수,선미 SUNMI,"1,350,000","299,020,000",168
373,음악/댄스/가수,2PM,"1,350,000","403,040,000",444
372,BJ/인물/연예인,장지수,"1,350,000","464,680,000",764
371,게임,우왁굳의 게임방송,"1,350,000","1,224,420,000","7,483"
377,미분류,7FATES: CHAKHO by HYBE,"1,340,000","47,660,000",31
376,스포츠/운동,식빵언니 김연경 Bread Unnie,"1,340,000","78,760,000",66
375,음식/요리/레시피,취미로 요리하는 남자 Yonam,"1,340,000","127,790,000",84
380,BJ/인물/연예인,신세경 sjkuksee,"1,330,000","49,400,000",35
379,TV/방송,디스커버리 서바이벌 - Discovery Survival,"1,330,000","418,600,000",543
378,애완/반려동물,크집사,"1,330,000","286,990,000",426
382,회사/오피셜,미스&미스터트롯 공식계정,"1,320,000","1,217,280,000","4,043"
381,BJ/인물/연예인,임영웅,"1,320,000","1,345,480,000",592
390,미분류,김작가 TV,"1,300,000","268,590,000","1,833"
389,TV/방송,sNack!,"1,300,000","1,073,060,000","2,050"
388,음악/댄스/가수,TJ KARAOKE TJ 노래방 공식 유튜브채널,"1,300,000","1,630,500,000","57,385"
387,음악/댄스/가수,Prepix Dance Studio,"1,300,000","237,820,000","5,277"
386,음악/댄스/가수,AOA,"1,300,000","704,530,000",197
392,TV/방송,놀면 뭐하니?,"1,300,000","551,330,000",739
385,TV/방송,dingo global DGG,"1,300,000","404,850,000",433
384,음악/댄스/가수,MOVE Dance Studio,"1,300,000","284,260,000","2,904"
383,애완/반려동물,강형욱의 보듬TV - Dog Trainer Kang,"1,300,000","243,950,000",714
394,TV/방송,그것이 알고싶다,"1,290,000","383,430,000",631
393,TV/방송,오분순삭,"1,290,000","1,564,690,000","1,881"
391,BJ/인물/연예인,정선호,"1,290,000","495,650,000",455
397,TV/방송,잼스터,"1,280,000","405,280,000",447
396,TV/방송,모비딕 Mobidic,"1,280,000","416,910,000","1,364"
395,취미/라이프,탱구TV,"1,280,000","47,660,000",27
399,뉴스/정치/사회,뉴스TVCHOSUN,"1,270,000","999,730,000","71,164"
398,스포츠/운동,Shoot for Love 슛포러브,"1,270,000","723,530,000",806
403,미분류,꽉잡아윤기-Kwakyoongy,"1,260,000","200,860,000",363
402,IT/기술/컴퓨터,약사가 들려주는 약 이야기,"1,260,000","165,170,000",491
401,TV/방송,KBS CoolFM,"1,260,000","604,090,000","9,835"
400,음악/댄스/가수,RealVIXX,"1,260,000","380,810,000",735
408,음악/댄스/가수,SEVENTEEN Japan official Youtube,"1,250,000","226,000,000",122
407,미분류,STAYC,"1,250,000","394,850,000",192
406,미분류,사피엔스 스튜디오,"1,250,000","335,430,000","3,342"
405,패션/미용,lamuqe,"1,250,000","120,800,000",290
404,TV/방송,딩고 스토리 / dingo story,"1,250,000","288,520,000",333
413,음식/요리/레시피,히밥heebab,"1,240,000","359,830,000",469
412,게임,악어 유튜브,"1,240,000","1,480,200,000","6,729"
411,취미/라이프,휘트니 whitney bae,"1,240,000","316,190,000",317
410,취미/라이프,Squash Clay 쪼물쪼물 클레이,"1,240,000","228,770,000",465
409,게임,테스터훈 TesterHoon,"1,240,000","888,880,000","2,511"
417,TV/방송,eaJ,"1,230,000","56,790,000",34
418,음식/요리/레시피,먹어볼래TryToEat,"1,230,000","194,790,000",235
416,BJ/인물/연예인,ondo온도,"1,230,000","124,660,000",205
415,음악/댄스/가수,official A.C.E,"1,230,000","171,460,000",573
414,TV/방송,피키픽처스 Piki Pictures,"1,230,000","462,130,000",569
420,TV/방송,달라스튜디오,"1,220,000","167,870,000",113
419,국내/해외/여행,빠니보틀 Pani Bottle,"1,220,000","257,610,000",253
424,음악/댄스/가수,DaftTaengk,"1,210,000","575,570,000","4,399"
423,영화/만화/애니,Tooniverse-투니버스,"1,210,000","860,240,000","3,922"
422,뉴스/정치/사회,사람사는세상노무현재단,"1,210,000","139,980,000",952
421,패션/미용,회사원A,"1,210,000","419,020,000",570
432,미분류,ONE PIECE公式YouTubeチャンネル,"1,200,000","175,380,000",563
431,BJ/인물/연예인,공부왕찐천재 홍진경,"1,200,000","167,600,000",157
430,뉴스/정치/사회,KBS 다큐,"1,200,000","727,640,000","50,240"
429,영화/만화/애니,Netflix Korea 넷플릭스 코리아,"1,200,000","350,270,000","1,738"
428,음악/댄스/가수,YGTAEYANG,"1,200,000","72,870,000",26
427,TV/방송,Coreaníssima 엘레나,"1,200,000","84,390,000",208
426,음식/요리/레시피,우리의식탁 W TABLE,"1,200,000","96,190,000",398
425,음식/요리/레시피,스윗더미 . Sweet The MI,"1,200,000","117,930,000",318
436,미분류,IVE,"1,190,000","72,630,000",78
435,BJ/인물/연예인,Lia Kim,"1,190,000","67,590,000",55
434,음식/요리/레시피,DICKHUNTER딕헌터🌶,"1,190,000","312,970,000",417
433,BJ/인물/연예인,수상한녀석들,"1,190,000","254,840,000",168
439,스포츠/운동,힙으뜸,"1,180,000","246,150,000",383
438,패션/미용,다또아Daddoa,"1,180,000","93,020,000",190
437,애완/반려동물,haha ha,"1,180,000","430,420,000",490
441,뉴스/정치/사회,MBN News,"1,170,000","1,293,260,000","112,058"
440,BJ/인물/연예인,턱형 (GOD-TUK),"1,170,000","419,630,000",520
446,미분류,퍼런안경_BLAS,"1,160,000","268,180,000",97
445,BJ/인물/연예인,소련여자 Soviet girl in Seoul,"1,160,000","175,690,000",116
444,TV/방송,티캐스트 tcast,"1,160,000","1,328,090,000","9,259"
443,TV/방송,CJ ENM,"1,160,000","1,766,700,000","14,929"
442,영화/만화/애니,달빛뮤즈,"1,160,000","287,630,000",466
456,미분류,김소형 채널H,"1,150,000","221,980,000",848
455,영화/만화/애니,PLAYY ANI 플레이애니,"1,150,000","476,560,000",683
454,음악/댄스/가수,CLC 씨엘씨 (Official YouTube Channel),"1,150,000","250,990,000",188
453,TV/방송,뻑가 PPKKa,"1,150,000","853,330,000",866
452,TV/방송,우와한 비디오,"1,150,000","1,328,020,000","1,400"
451,패션/미용,kiu기우쌤,"1,150,000","370,400,000",384
450,키즈/어린이,미니카 Minicar,"1,150,000","678,850,000","1,657"
449,애완/반려동물,정브르,"1,150,000","562,540,000","1,657"
448,BJ/인물/연예인,Cheri Hyeri 체리 혜리,"1,150,000","162,930,000",393
447,게임,겜브링 GGAM BRING,"1,150,000","1,370,820,000","2,294"
458,음식/요리/레시피,야식이,"1,140,000","425,330,000","1,311"
457,음식/요리/레시피,야식이,"1,140,000","425,330,000","1,311"
460,음악/댄스/가수,강다니엘 KANGDANIEL,"1,130,000","189,200,000",139
459,주식/경제/부동산,미래에셋 스마트머니,"1,130,000","121,460,000","1,680"
469,BJ/인물/연예인,헌터퐝,"1,120,000","273,900,000",321
468,영화/만화/애니,Puuung,"1,120,000","53,510,000",316
467,음악/댄스/가수,Rock Music,"1,120,000","605,830,000","7,693"
466,뉴스/정치/사회,OhmynewsTV,"1,120,000","752,020,000","16,432"
465,교육/강의,법륜스님의 즉문즉설,"1,120,000","732,190,000","1,857"
464,뉴스/정치/사회,비디오머그 - VIDEOMUG,"1,120,000","1,856,840,000","5,487"
463,취미/라이프,rappeler하쁠리,"1,120,000","458,700,000",712
462,취미/라이프,효기심,"1,120,000","147,910,000",195
461,국내/해외/여행,코이티비KOITV,"1,120,000","787,740,000","1,393"
479,미분류,Girls On Top,"1,110,000","140,120,000",14
478,미분류,엠뚜루마뚜루 : MBC 공식 종합 채널,"1,110,000","1,552,150,000","2,359"
477,음식/요리/레시피,수빙수tv sooBingsoo,"1,110,000","356,060,000",314
476,TV/방송,it's Live,"1,110,000","329,800,000",585
475,음식/요리/레시피,BenDeen,"1,110,000","157,520,000",379
474,키즈/어린이,브레드이발소,"1,110,000","534,550,000",787
473,음식/요리/레시피,애주가TV참PD,"1,110,000","532,280,000","1,169"
472,음악/댄스/가수,SUPER SOUND Bugs!,"1,110,000","701,820,000","3,258"
471,영화/만화/애니,B Man 삐맨,"1,110,000","567,680,000",605
470,취미/라이프,Bandung Oppa 반둥오빠,"1,110,000","94,960,000",403
480,음악/댄스/가수,MORE THAN YOUTH,"1,100,000","279,290,000",776
486,키즈/어린이,woojoo우주,"1,090,000","361,000,000",85
485,음악/댄스/가수,PLEDIS ENTERTAINMENT,"1,090,000","281,290,000",255
484,TV/방송,Dingo K-Drama,"1,090,000","205,370,000",411
483,음악/댄스/가수,UPVOTE Entertainment,"1,090,000","263,290,000","1,307"
482,게임,릴카,"1,090,000","420,630,000",949
481,TV/방송,이슈텔러 issueTeller,"1,090,000","489,540,000",646
491,미분류,엄마의손맛,"1,080,000","254,770,000",648
490,음악/댄스/가수,CNBLUE (씨엔블루),"1,080,000","225,930,000",197
489,TV/방송,V LIVE,"1,080,000","634,610,000","2,821"
488,TV/방송,SK telecom,"1,080,000","777,970,000","2,283"
487,취미/라이프,Kim Miso,"1,080,000","65,970,000",344
495,주식/경제/부동산,[삼성증권] Samsung POP,"1,070,000","104,660,000","1,345"
494,회사/오피셜,SM C&C STUDIO,"1,070,000","144,090,000",967
493,음악/댄스/가수,KIM HYUN JOONG.official,"1,070,000","155,340,000",368
492,키즈/어린이,마이린 TV,"1,070,000","790,620,000","2,506"
502,미분류,자취요리신 simple cooking,"1,060,000","147,310,000",342
501,키즈/어린이,마시따 MASITTA,"1,060,000","641,550,000",225
500,영화/만화/애니,Hello Jadoo TV 안녕 자두야,"1,060,000","406,810,000",579
499,게임,코너Korner,"1,060,000","704,410,000",687
498,음식/요리/레시피,맛있는 녀석들 (Tasty Guys),"1,060,000","1,253,820,000","3,328"
497,취미/라이프,집꾸미기,"1,060,000","111,850,000",255
496,영화/만화/애니,드림텔러(DreamTeller),"1,060,000","148,580,000",147
512,IT/기술/컴퓨터,의학채널 비온뒤,"1,050,000","277,010,000","5,883"
511,뉴스/정치/사회,조선일보,"1,050,000","628,340,000","14,141"
510,뉴스/정치/사회,SBS Radio 에라오,"1,050,000","557,050,000","16,752"
509,게임,유키 YOUKI,"1,050,000","247,210,000",943
508,TV/방송,옐언니,"1,050,000","436,480,000",435
507,TV/방송,sankok esl,"1,050,000","9,040,000",107
506,영화/만화/애니,리뷰엉이: Owl's Review,"1,050,000","355,640,000",482
505,음식/요리/레시피,가르마[GARMA],"1,050,000","318,250,000","1,211"
504,BJ/인물/연예인,Sibonggyun 시봉균,"1,050,000","64,980,000",448
503,음식/요리/레시피,핫도그TV,"1,050,000","834,000,000","1,018"
517,미분류,제발돼라 PleaseBee,"1,040,000","236,310,000",181
516,미분류,채꾸똥꾸 (Cherry & Dong),"1,040,000","333,450,000",316
523,영화/만화/애니,DinoCore TUBA,"1,040,000","726,910,000",954
515,TV/방송,유병재,"1,040,000","191,700,000",171
514,뉴스/정치/사회,신인균의 국방TV,"1,040,000","541,370,000","2,004"
513,키즈/어린이,퍼플 토이박스(Purple Toy Box),"1,040,000","641,580,000","1,408"
525,미분류,RMC Sport,"1,030,000","427,350,000","25,252"
524,미분류,핏블리 FITVELY,"1,030,000","268,860,000",732
522,패션/미용,써니채널 Sunny's Channel,"1,030,000","97,120,000",176
521,게임,기리TV,"1,030,000","1,094,340,000","2,620"
520,BJ/인물/연예인,유준호,"1,030,000","469,710,000","1,303"
519,BJ/인물/연예인,조섭 Jossup,"1,030,000","445,500,000","1,206"
518,TV/방송,밍꼬발랄Mingggo,"1,030,000","1,391,350,000",851
527,해외,TNT,"1,020,000","651,090,000","4,606"
535,TV/방송,준우,"1,020,000","301,990,000",221
526,음악/댄스/가수,빅마블,"1,020,000",0,0
534,뉴스/정치/사회,배승희 변호사,"1,010,000","501,290,000","1,250"
533,키즈/어린이,Toystar TV,"1,010,000","432,380,000",81
532,회사/오피셜,KB국민카드,"1,010,000","182,760,000",491
531,음악/댄스/가수,일반인들의 소름돋는 라이브 / Best covers,"1,010,000","438,540,000","3,926"
530,뉴스/정치/사회,딴지방송국,"1,010,000","240,430,000",728
529,게임,쁘허,"1,010,000","382,150,000","1,058"
528,게임,킴성태TV,"1,010,000","746,380,000","1,752"
542,음악/댄스/가수,지켜츄 Chuu Can Do It,"1,000,000","92,470,000",107
541,미분류,연스커플 Yeon's Couple,"1,000,000","208,660,000",281
540,교육/강의,공부의신 강성태,"1,000,000","292,620,000","2,742"
539,음식/요리/레시피,얌무YAMMoo,"1,000,000","208,340,000",612
538,게임,텔론,"1,000,000","997,750,000","3,547"
537,게임,램램TV,"1,000,000","870,620,000","2,405"
536,TV/방송,딩고 / dingo,"1,000,000","340,190,000",699
543,키즈/어린이,JoyKids,"990,000","568,280,000",185
544,음악/댄스/가수,MUPLY 뮤플리,"990,000","312,630,000",604
545,게임,괴물쥐 유튜브,"990,000","785,940,000","1,038"
546,애완/반려동물,소녀의행성 Girlsplanet,"990,000","352,160,000",445
550,TV/방송,옛능 : MBC 옛날 예능 다시보기,"990,000","1,446,980,000","2,578"
548,취미/라이프,제이제이살롱드핏,"990,000","207,840,000",487
547,취미/라이프,츄팝,"990,000","465,810,000",474
549,BJ/인물/연예인,성수커플 - S.S Couple,"980,000",0,0
551,게임,잉여맨 유튜브,"980,000","944,610,000","2,290"
552,미분류,너덜트,"980,000","72,320,000",21
553,BJ/인물/연예인,하하 PD HAHA PD,"980,000","73,720,000",140
555,영화/만화/애니,WatchcarTV,"980,000","466,300,000",201
554,TV/방송,키에커,"980,000","327,900,000",192
557,영화/만화/애니,신비아파트 공식채널 - Shinbi House,"970,000","613,880,000","1,528"
558,뉴스/정치/사회,빽능 - 스브스 옛날 예능,"970,000","1,167,660,000","3,604"
556,스포츠/운동,말왕TV,"970,000","356,700,000",927
560,게임,액션홍구,"960,000","582,100,000","3,021"
562,키즈/어린이,액션 Action,"960,000","462,550,000","1,618"
559,취미/라이프,ColorMonsters Toy,"960,000","546,140,000","1,040"
561,키즈/어린이,토깽이네,"960,000","1,037,850,000","1,500"
563,BJ/인물/연예인,U.M.A.우마,"960,000","242,140,000",144
564,음악/댄스/가수,MUSIC&NEW 뮤직앤뉴,"960,000","1,064,290,000","7,468"
565,BJ/인물/연예인,슛뚜sueddu,"960,000","49,230,000",208
567,미분류,키즐 kizzle,"950,000","259,220,000",166
566,패션/미용,디렉터 파이,"950,000","138,870,000",298
569,뉴스/정치/사회,연합뉴스TV,"950,000","1,195,410,000","400,220"
568,BJ/인물/연예인,강유미 yumi kang좋아서 하는 채널,"950,000","262,780,000",360
570,TV/방송,YG TREASURE BOX,"950,000","275,390,000",496
574,미분류,웅이woongei,"950,000","258,850,000",400
572,해외,ZeeKay Junior,"950,000","916,610,000",942
571,음악/댄스/가수,H1GHR MUSIC,"950,000","258,000,000",506
573,미분류,양장금주부,"940,000","211,790,000",639
576,TV/방송,z a m,"940,000","665,100,000","2,352"
575,음식/요리/레시피,삼대장 Samdaejang,"940,000","539,980,000","1,190"
577,음악/댄스/가수,장범준,"940,000","357,360,000",504
578,음악/댄스/가수,SF9,"940,000","82,640,000",325
580,미분류,Louis Vuitton,"940,000","409,770,000",346
579,음식/요리/레시피,SOF,"940,000","357,130,000","1,523"
581,TV/방송,배꼽빌라,"930,000","338,460,000",487
582,키즈/어린이,POYO Music Official,"930,000","732,990,000","1,560"
583,게임,Partition Zion,"930,000","423,870,000",987
584,미분류,함께해요 맛나요리,"930,000","253,280,000",647
586,미분류,지식한입,"920,000","79,810,000",86
585,미분류,밀라논나 Milanonna,"920,000","68,260,000",98
588,미분류,주부나라,"920,000","240,290,000",973
587,음악/댄스/가수,ALiEN,"920,000","193,350,000",283
589,뉴스/정치/사회,KBS 교양,"920,000","747,400,000","68,013"
594,미분류,토모토모TomoTomo,"910,000","164,330,000",153
593,음식/요리/레시피,고기남자 MeatMan,"910,000","125,610,000",80
592,해외,Variety,"910,000","448,340,000","4,404"
591,패션/미용,Saerom Min개코의 오픈스튜디오,"910,000","118,450,000",176
590,BJ/인물/연예인,남순 NS,"910,000","950,630,000","3,579"
596,영화/만화/애니,뭅뭅,"910,000","411,070,000","3,224"
595,키즈/어린이,뚜아뚜지TV,"910,000","470,560,000","1,440"
597,뉴스/정치/사회,가로세로연구소,"910,000","629,000,000","3,616"
598,게임,마재TV,"900,000","710,560,000","4,100"
599,음악/댄스/가수,Official fromis_9,"900,000","301,310,000",656
600,TV/방송,fantagio 판타지오,"900,000","243,300,000",256
601,뉴스/정치/사회,한국경제TV,"900,000","252,410,000","52,384"
602,음악/댄스/가수,MBC every1,"900,000","988,870,000","16,137"
604,키즈/어린이,Boram Tube Friends,"900,000","7,340,000",73
603,BJ/인물/연예인,띠미 ddimmi,"900,000","369,040,000",783
606,게임,T1,"900,000","265,490,000","2,633"
605,미분류,NMIXX,"890,000","87,440,000",73
610,미분류,Tennis TV,"890,000","767,730,000","5,325"
609,키즈/어린이,주니토니 동요동화 - 키즈캐슬,"890,000","776,280,000",756
608,TV/방송,Zaty Farhani,"890,000","1,052,190,000","2,061"
607,국내/해외/여행,Sophie Kim _하은,"890,000","28,270,000",116
611,미분류,랄로,"880,000","357,300,000",384
612,영화/만화/애니,LICO TV,"880,000","132,060,000",200
614,미분류,굿라이프,"880,000","117,450,000","1,284"
613,패션/미용,윤쨔미 YoonCharmi,"880,000","239,310,000",340
616,미분류,하음쿠킹 Haeum Cooking,"880,000","143,370,000",60
615,게임,돼지저금통,"880,000","1,562,290,000","4,814"
617,게임,군림보,"880,000","653,830,000","4,985"
618,음악/댄스/가수,missA,"870,000","380,810,000",49
620,BJ/인물/연예인,(MUTUBE)와꾸대장봉준,"870,000","827,450,000","7,603"
619,BJ/인물/연예인,긱블 Geekble,"870,000","240,150,000",360
622,키즈/어린이,Robot Trains official,"870,000","658,220,000",744
621,애완/반려동물,냥이아빠,"870,000","335,550,000",547
624,미분류,미션 파서블,"870,000","128,130,000",131
623,TV/방송,덕출 : DCTVGO,"870,000","318,080,000",475
625,미분류,leeminho film,"870,000","14,550,000",20
627,미분류,Jin & Juice,"870,000","168,950,000",247
626,미분류,Golden Disc Awards,"870,000","232,960,000",605
628,뉴스/정치/사회,엠빅뉴스,"870,000","1,905,630,000","4,254"
629,미분류,스튜디오 와플 - STUDIO WAFFLE,"860,000","177,500,000",206
630,영화/만화/애니,구불,"860,000","266,640,000",230
632,미분류,고누리,"860,000","380,790,000",653
631,BJ/인물/연예인,상해기SangHyuk,"860,000","212,320,000",418
637,미분류,BODA 보다,"860,000","453,160,000",922
636,미분류,1분만,"860,000","332,710,000",383
635,TV/방송,김이브님 [kim eve],"860,000","633,020,000","2,836"
634,게임,머독방송,"860,000","839,130,000","11,548"
633,게임,테드TV,"860,000","819,840,000","2,361"
638,키즈/어린이,고고다이노 - GOGO DINO,"860,000","661,850,000",860
639,미분류,KCON official,"860,000","147,360,000","1,837"
646,미분류,랄랄ralral,"850,000","205,270,000",456
642,미분류,deemd 딤디,"850,000","91,970,000",170
641,영화/만화/애니,DAZBEE official,"850,000","322,780,000",140
640,TV/방송,KBS N,"850,000","1,532,700,000","13,979"
643,TV/방송,라이프타임,"850,000","329,180,000","1,707"
645,패션/미용,Jella젤라,"850,000","64,170,000",207
644,게임,연다,"850,000","579,810,000","2,033"
647,미분류,이재성 박사의 식탁보감,"850,000","75,370,000",283
650,미분류,이리오너라,"840,000","66,740,000","1,691"
649,TV/방송,이라이라경 ravely,"840,000","299,070,000",418
648,취미/라이프,달려라치킨 Dalchi,"840,000","217,940,000",611
651,음악/댄스/가수,HOLLAND,"840,000","30,150,000",28
654,미분류,짧은대본 ShortPaper,"840,000","244,810,000",188
653,게임,Dorami,"840,000","211,160,000","1,122"
652,교육/강의,라이브 아카데미,"840,000","81,130,000",559
655,음악/댄스/가수,TSENT2008,"840,000","386,550,000",445
656,TV/방송,핫소스,"840,000","38,720,000",24
659,주식/경제/부동산,부동산 읽어주는 남자,"840,000","93,930,000",661
658,키즈/어린이,메카드 - MECARD OFFICIAL,"840,000","681,010,000","1,307"
657,게임,GCL 지씨엘,"840,000","242,230,000",338
661,미분류,논리왕 전기,"830,000","107,240,000",87
660,TV/방송,바바요 by iHQ,"830,000","727,690,000","6,039"
663,TV/방송,KBS 같이삽시다,"830,000","427,430,000","4,370"
662,영화/만화/애니,빨강도깨비,"830,000","345,600,000",358
665,TV/방송,Megan Moon,"830,000","134,750,000",534
666,게임,울산큰고래 박성주,"830,000","666,140,000","3,304"
664,TV/방송,TongTongCulture,"830,000","565,750,000","11,590"
667,게임,김왼팔,"830,000","563,680,000","2,359"
669,음악/댄스/가수,PARK JIHOON Official,"830,000","49,760,000",221
668,IT/기술/컴퓨터,1분과학,"830,000","79,970,000",61
671,뉴스/정치/사회,Newstapa,"830,000","265,930,000","3,881"
670,음식/요리/레시피,서담 seodam,"830,000","157,700,000",297
674,뉴스/정치/사회,MTN 머니투데이방송,"820,000","849,570,000","60,996"
673,주식/경제/부동산,E트렌드,"820,000","127,730,000","2,197"
672,애완/반려동물,다흑,"820,000","538,350,000","2,536"
675,영화/만화/애니,람다람,"820,000","100,180,000",91
676,게임,탁주 TV,"820,000","1,902,360,000","2,223"
677,음악/댄스/가수,• m i n a m o c h i •,"820,000","372,350,000",118
680,교육/강의,법륜스님의 희망세상만들기,"820,000","408,330,000",818
679,음악/댄스/가수,OFFICIAL EPIK HIGH,"820,000","277,680,000",221
678,미분류,임한올 Hanol Rim,"820,000","101,210,000",153
681,패션/미용,UNA 유나,"820,000","67,130,000",154
684,미분류,직업의모든것,"820,000","306,310,000",259
683,음식/요리/레시피,뽐뽐뽐,"820,000","70,170,000",218
682,키즈/어린이,로보카폴리 TV,"820,000","507,950,000","1,208"
685,취미/라이프,Mimine Miniature 미미네 미니어처,"820,000","162,950,000",162
686,TV/방송,뉴스엔·NewsenTV·KOREA Entertainment news,"820,000","285,670,000","10,098"
688,음식/요리/레시피,THE BOB - 더 밥 스튜디오,"810,000","83,980,000",855
687,국내/해외/여행,EBS 컬렉션 - 라이프스타일,"810,000","501,540,000","3,188"
690,음악/댄스/가수,Healing Meditation,"810,000","96,510,000",275
689,애완/반려동물,속삭이는몽자,"810,000","210,960,000",488
692,미분류,시니어전성시대,"810,000","133,080,000",259
691,음악/댄스/가수,LJ Dance,"810,000","125,620,000","2,151"
697,미분류,땅콩 Peanut,"810,000","364,820,000",27
694,미분류,김대석 셰프TV,"810,000","108,890,000",397
693,음악/댄스/가수,Jenny Yun,"810,000","120,330,000",553
695,미분류,스토리,"810,000","168,030,000",57
696,미분류,TOP MEDIA,"810,000","196,310,000",527
699,미분류,알간지Alganzi,"810,000","111,040,000",189
698,뉴스/정치/사회,전옥현 안보정론TV,"810,000","30,000,000",373
700,TV/방송,찬우살이,"800,000","31,200,000",176
701,BJ/인물/연예인,쿠쿠크루 - Cuckoo Crew,"800,000","523,980,000",776
702,음악/댄스/가수,wondergirls,"800,000","434,850,000",217
703,TV/방송,히스토리,"800,000","538,540,000","2,093"
704,패션/미용,LeoJ Makeup,"800,000","138,230,000",279
705,음악/댄스/가수,CL,"800,000","61,350,000",5
708,미분류,육식맨 YOOXICMAN,"800,000","150,740,000",131
707,음악/댄스/가수,HEADLINER,"800,000","197,630,000",214
706,패션/미용,areumsongee아름송이,"800,000","69,090,000",202
709,키즈/어린이,ToyCheff,"800,000","380,950,000",459
710,미분류,메리니즈부엌Meliniskitchen,"800,000","138,510,000",152
711,BJ/인물/연예인,SUNBA선바,"790,000","1,070,080,000","2,444"
712,TV/방송,Kyunghamin твоя корейская онни,"790,000","79,700,000",366
713,TV/방송,KBS동물티비 : 애니멀포유 animal4u,"790,000","571,850,000","2,152"
717,미분류,[윤이련]50년 요리비결,"790,000","220,550,000",390
716,음악/댄스/가수,PianiCast - 피아니캐스트,"790,000","221,130,000",107
715,음악/댄스/가수,HYOLYN 효린,"790,000","175,830,000",149
714,TV/방송,타임스낵,"790,000","235,300,000",227
721,미분류,복지마블TV [Welfare Marble],"790,000","92,070,000",348
720,미분류,ROKSEAL,"790,000","95,600,000",113
719,TV/방송,걍밍경,"790,000","59,250,000",50
718,TV/방송,이환,"790,000","260,420,000",334
723,음악/댄스/가수,VICTON 빅톤,"780,000","187,320,000",792
722,TV/방송,트래블튜브,"780,000","860,040,000","1,543"
725,미분류,[ASMR]nara_나라,"780,000","122,170,000",163
728,미분류,정찬성 Korean Zombie,"780,000","166,820,000",185
724,키즈/어린이,리틀조이 LittleJoy,"780,000","220,990,000",182
727,음식/요리/레시피,입질의추억TV jiminTV,"780,000","251,570,000",409
726,BJ/인물/연예인,요리왕비룡 Korean Food Cooking,"780,000","165,220,000",666
729,미분류,호갱구조대,"780,000","176,830,000",102
731,자동차,우파푸른하늘Woopa TV,"780,000","450,230,000","1,281"
730,교육/강의,닥터프렌즈,"780,000","165,800,000",608
734,미분류,집밥 korean home cooking,"780,000","171,450,000",853
733,미분류,곽튜브KWAKTUBE,"780,000","147,140,000",233
732,미분류,랭킹스쿨 Ranking School,"780,000","464,760,000",791
736,TV/방송,KBS 1라디오,"770,000","329,660,000","14,531"
735,교육/강의,친절한 대학,"770,000","76,760,000",651
737,음악/댄스/가수,BRANDNEW MUSIC,"770,000","309,060,000","1,323"
738,뉴스/정치/사회,서울의소리 Voice of Seoul,"770,000","409,700,000","10,194"
739,패션/미용,Yoo's Beauty 희주,"770,000","24,530,000",111
742,음식/요리/레시피,허미노MINO,"770,000","304,820,000","1,813"
741,TV/방송,STUDIO DIA 스튜디오 다이아,"770,000","208,440,000",537
740,TV/방송,POWER MOVIE,"770,000","247,260,000",220
743,게임,김성회의 G식백과,"770,000","180,740,000",284
744,미분류,SISSEL,"770,000","26,050,000",180
745,BJ/인물/연예인,StimBoy스팀보이,"760,000","355,960,000",628
746,음악/댄스/가수,HyunA 현아 (Official YouTube Channel),"760,000","105,340,000",10
748,뉴스/정치/사회,스브스뉴스 SUBUSUNEWS,"760,000","890,890,000","2,843"
747,TV/방송,LDF TV by lottedutyfree,"760,000","591,670,000","1,320"
751,미분류,815머니톡,"760,000","231,180,000","3,767"
750,TV/방송,김달,"760,000","273,240,000",764
749,영화/만화/애니,UTZI웃지,"760,000","196,640,000",136
752,미분류,Bravo jamoasi,"760,000","157,950,000",111
753,미분류,천뚱TV,"750,000","97,940,000",62
754,TV/방송,스튜디오 룰루랄라- studio lululala,"750,000","222,150,000",982
756,뉴스/정치/사회,성제준,"750,000","314,400,000","1,377"
755,패션/미용,한별Hanbyul,"750,000","126,580,000",279
758,자동차,김한용의 MOCAR,"750,000","385,170,000","1,474"
757,애완/반려동물,솜이네 곰이탱이여우,"750,000","420,170,000","1,368"
759,미분류,과나gwana,"750,000","129,300,000",97
760,음악/댄스/가수,Yuni Marimba 유니 마림바,"750,000","102,140,000",124
762,취미/라이프,Soy ASMR,"740,000","157,720,000",464
761,취미/라이프,공대생가족 GDSF,"740,000","316,530,000","1,229"
764,미분류,할명수,"740,000","70,650,000",100
763,음악/댄스/가수,MBC WORLD,"740,000","569,590,000","4,756"
765,BJ/인물/연예인,bobaepapa - 보배아빠,"740,000","345,570,000",380
766,음악/댄스/가수,DKDKTV,"740,000","167,330,000","1,186"
769,국내/해외/여행,Rirang OnAir,"740,000","94,680,000",183
768,뉴스/정치/사회,이봉규TV,"740,000","416,220,000","5,953"
767,TV/방송,smile -wA-,"740,000","466,750,000","5,228"
771,BJ/인물/연예인,케이,"730,000","522,250,000","3,189"
770,영화/만화/애니,Sechi,"730,000","253,580,000",307
772,미분류,DAWN,"730,000","54,170,000",34
777,미분류,과학드림 [Science Dream],"730,000","131,030,000",121
773,음식/요리/레시피,인아짱 Inah Eats,"730,000","164,880,000","1,065"
775,뉴스/정치/사회,채널A 뉴스TOP10,"730,000","607,120,000","17,934"
774,취미/라이프,Ouvir 오비르,"730,000","134,300,000",175
776,키즈/어린이,프리티에스더 PrettyEsther,"730,000","436,930,000",698
778,미분류,SM STATION,"720,000","58,960,000",98
779,미분류,나르앤나르시Nar.Couple,"720,000","100,610,000",193
780,취미/라이프,DanoTV,"720,000","141,000,000",602
781,음악/댄스/가수,B1A4 OFFICIAL +,"720,000","192,590,000",340
782,패션/미용,김습습Double Soup,"720,000","60,430,000",311
785,미분류,조여사전성시대,"720,000","162,960,000",547
784,음악/댄스/가수,임창정,"720,000","250,480,000",312
783,취미/라이프,이연LEEYEON,"720,000","53,800,000",215
788,미분류,지피티,"720,000","187,000,000",817
787,게임,러꽃부부,"720,000","613,640,000","3,261"
786,게임,수탉,"720,000","376,380,000","1,466"
789,패션/미용,sunnydahye,"720,000","51,430,000",334
794,게임,밍모,"720,000","496,990,000","1,663"
791,교육/강의,BLACK DOOR,"720,000","100,820,000",443
790,패션/미용,엘리엘라 EllyElla,"720,000","206,640,000",315
795,미분류,하알라,"720,000","194,940,000",235
793,키즈/어린이,코코몽 COCOMONG TV - Cartoon & Song For Kids,"720,000","897,370,000","1,231"
792,패션/미용,yeondukong 연두콩,"720,000","54,240,000",229
796,미분류,달리 [SBS 교양 공식채널],"710,000","236,570,000",458
798,키즈/어린이,지호토이TV JIHOTOY,"710,000","570,430,000","1,872"
797,뉴스/정치/사회,펜앤드마이크TV,"710,000","530,130,000","11,862"
801,음악/댄스/가수,Bigman,"710,000","57,820,000",60
800,TV/방송,시미켄 TV,"710,000","95,650,000",95
802,게임,Charming Jo 조매력,"710,000","216,850,000","1,309"
799,교육/강의,입시덕후,"710,000","367,820,000",489
803,게임,스페셜솔져 - 모바일FPS,"710,000","15,040,000",137
804,음식/요리/레시피,키미 Kimi,"710,000","53,060,000",97
805,미분류,BRUSH,"710,000","308,720,000",379
806,미분류,송슐랭 가이드 - SONGCHELIN GUIDE,"710,000","22,720,000",153
807,게임,LCK,"700,000","665,650,000","4,906"
808,미분류,지기TV,"700,000","194,430,000",818
810,미분류,CU [씨유튜브],"700,000","25,440,000",313
809,미분류,팩토리,"700,000","84,320,000",29
813,미분류,뀨러기 [kkyuleogi],"700,000","194,470,000",279
812,키즈/어린이,애니한TV AnnieHanTV,"700,000","724,010,000","1,292"
811,BJ/인물/연예인,대륙남TV [clark tv],"700,000","369,610,000","3,116"
814,음식/요리/레시피,영자씨의 부엌Young-Ja's Kitchen,"700,000","169,240,000","1,102"
816,미분류,요리용디 Yori Yongd,"700,000","354,520,000",222
815,음식/요리/레시피,띠예,"700,000","87,860,000",41
817,TV/방송,MAXIM KOREA,"700,000","364,270,000","2,061"
818,TV/방송,제이제이,"700,000","220,810,000",567
822,미분류,[에일리 OFFICIAL] aileemusic,"690,000","128,180,000",177
819,키즈/어린이,ToyMoon토이문,"690,000","263,330,000",251
821,미분류,유 퀴즈 온 더 튜브,"690,000","336,020,000","3,244"
820,음악/댄스/가수,MBK Entertainment [Official],"690,000","410,740,000",417
824,패션/미용,헤이즐 Heizle,"690,000","76,440,000",310
823,취미/라이프,김나영의 nofilterTV,"690,000","144,530,000",367
825,키즈/어린이,간니닌니 다이어리,"690,000","687,730,000","1,989"
826,음악/댄스/가수,TEEN TOP Official,"690,000","203,580,000",791
827,음식/요리/레시피,윰댕(yum-cast),"690,000","520,220,000","3,242"
828,TV/방송,MBC 미스터리 : 심야괴담회 X 서프라이즈,"690,000","319,710,000","1,668"
830,미분류,[AmiAmi]아미아미,"680,000","162,740,000",424
835,영화/만화/애니,홍시네마,"680,000","236,480,000",190
829,음악/댄스/가수,SonyToby,"680,000","72,600,000",110
834,TV/방송,매미킴 TV,"680,000","196,740,000",322
833,키즈/어린이,Ace Art 에이스 아트,"680,000","350,340,000",812
832,키즈/어린이,뽀로로 타요 장난감 놀이교실,"680,000","459,830,000",808
831,스포츠/운동,JK 아트사커 온라인,"680,000","307,620,000",507
836,영화/만화/애니,토킹톰앤프렌즈,"680,000","275,740,000",272
838,TV/방송,백만뷰,"680,000","515,300,000","9,348"
837,BJ/인물/연예인,외질혜 (OzilTube),"680,000","325,470,000","1,216"
841,교육/강의,동심파괴,"680,000","241,710,000",539
839,패션/미용,안다 ANDA,"680,000","47,190,000",205
840,미분류,이슈왕 TV,"680,000","415,140,000","1,347"
842,TV/방송,나혼자산다 STUDIO,"680,000","256,630,000",354
844,영화/만화/애니,CK Animation School_2016-2018,"680,000","222,820,000",698
843,뉴스/정치/사회,고성국TV,"680,000","144,200,000","1,378"
845,BJ/인물/연예인,김도고 Doggo Kim,"670,000","174,970,000",162
848,음악/댄스/가수,SUGA - Topic,"670,000","84,340,000",20
847,뉴스/정치/사회,팩트TV NEWS,"670,000","672,730,000","23,025"
846,패션/미용,会社員J,"670,000","141,390,000",457
850,TV/방송,SIMI TV,"670,000","89,620,000",155
849,취미/라이프,미니미니 MiniMini,"670,000","342,660,000",328
851,TV/방송,KBS Entertain: 깔깔티비,"670,000","1,009,810,000","5,533"
853,TV/방송,tweety 트위티,"670,000","94,660,000",200
852,TV/방송,레바스튜디오,"670,000","327,150,000",468
854,음식/요리/레시피,권회훈,"670,000","275,240,000","1,293"
856,미분류,바라던 바다,"670,000","283,670,000",519
855,미분류,건나물TV,"670,000","243,430,000",466
864,미분류,KBS 골든케이팝,"660,000","492,580,000","10,647"
863,게임,Official Dopa,"660,000","334,520,000","1,329"
862,음악/댄스/가수,Weki Meki 위키미키,"660,000","139,830,000",277
861,음악/댄스/가수,GIRL'S DAY,"660,000","258,720,000",150
860,교육/강의,Conversational Korean,"660,000","28,720,000",365
859,BJ/인물/연예인,난쟁이성현,"660,000","124,270,000",511
858,음식/요리/레시피,Team_SeikaTV(팀세이카),"660,000","139,790,000",117
857,패션/미용,에바EVA,"660,000","98,970,000",281
866,미분류,지식해적단,"660,000","55,520,000",75
869,TV/방송,연예부장,"660,000","136,440,000",285
865,영화/만화/애니,써리의 영상툰 SSULY TOON,"660,000","469,350,000",945
868,패션/미용,Q2HAN,"660,000","77,900,000",740
867,TV/방송,Spinel CAM,"660,000","717,210,000","8,711"
870,주식/경제/부동산,미래경제,"660,000","32,620,000","1,833"
872,미분류,방가네,"660,000","172,250,000",220
871,패션/미용,아옳이,"660,000","129,860,000",183
874,미분류,밉지않은 관종언니,"660,000","113,780,000",202
873,IT/기술/컴퓨터,UNDERkg,"660,000","368,300,000","2,387"
875,패션/미용,새벽,"650,000","96,350,000",505
877,뉴스/정치/사회,YTN 돌았저 - 돌발영상/ 알고리줌/ 뉴있저,"650,000","375,600,000","3,478"
876,음악/댄스/가수,조싀앤바믜 Josh & Bamui,"650,000","191,180,000",220
878,미분류,꼰대희,"650,000","142,900,000",193
880,스포츠/운동,강하나 스트레칭_stretching,"650,000","65,160,000",427
879,패션/미용,Dear.Jerry제리,"650,000","44,670,000",171
882,음악/댄스/가수,정동원TV,"650,000","241,270,000",278
881,게임,문호준,"650,000","450,530,000","1,192"
885,TV/방송,PANGKICK 팡킥,"650,000","214,900,000",85
884,취미/라이프,희철리즘Heechulism,"650,000","161,640,000",269
883,패션/미용,소윤Soyoon,"650,000","67,580,000",184
887,게임,저라뎃 JUSTLIKETHAT,"650,000","674,000,000","3,252"
886,패션/미용,도영도영이,"650,000","47,170,000",168
891,미분류,단하나 DANHANA,"640,000","104,860,000",68
890,뉴스/정치/사회,MediaVOP,"640,000","871,970,000","18,415"
889,주식/경제/부동산,단희TV,"640,000","79,460,000","1,088"
888,패션/미용,로즈하ROSEHA,"640,000","75,750,000",194
893,미분류,집나간아들 Runaway Son,"640,000","209,300,000",401
892,음악/댄스/가수,BELLA&LUCAS 벨라앤루카스,"640,000","81,280,000",312
894,패션/미용,Ha Neul오늘의 하늘,"640,000","108,650,000",323
896,미분류,근황올림픽,"640,000","332,480,000",306
895,패션/미용,금강연화,"640,000","253,980,000",654
897,게임,퀸톨 TV,"640,000","494,010,000","2,307"
899,미분류,에버랜드 - EVERLAND,"640,000","202,190,000","2,165"
898,미분류,깨방정,"640,000","224,270,000",464
902,음악/댄스/가수,다이아나Diana,"640,000","180,200,000","1,823"
901,음식/요리/레시피,sini시니,"640,000","257,970,000",751
900,키즈/어린이,뿌직 PPUJIG,"640,000","514,450,000",464
903,패션/미용,LENA,"640,000","190,000",1
907,미분류,이영지,"640,000","77,860,000",39
904,뉴스/정치/사회,여수MBC Music+(Kpop&Trot),"640,000","404,490,000","13,395"
906,BJ/인물/연예인,풍자테레비,"630,000","294,280,000","1,816"
905,게임,삼식,"630,000","228,470,000","1,954"
912,게임,유소나,"630,000","200,150,000",713
908,게임,강 지,"630,000","540,010,000","1,282"
910,미분류,조나단,"630,000","60,270,000",105
909,음식/요리/레시피,한식푸우 Korean food,"630,000","260,370,000","1,680"
911,취미/라이프,딩가의 회전목마 DINGA,"630,000","76,580,000",173
916,키즈/어린이,손오공,"630,000","658,510,000",782
915,BJ/인물/연예인,깨박이,"630,000","359,730,000","1,246"
914,교육/강의,굉장한 실험실,"630,000","349,660,000",193
913,게임,개리형,"630,000","347,410,000",597
917,음악/댄스/가수,lEtudel,"630,000","245,580,000","2,294"
920,미분류,McDonald's,"630,000","64,170,000",153
919,영화/만화/애니,소개해주는 남자,"630,000","189,350,000",255
918,취미,여락이들_,"630,000","155,220,000",359
921,TV/방송,OCN,"630,000","613,890,000","12,425"
923,TV/방송,목포MBC 가요센터,"630,000","236,850,000","4,642"
922,TV/방송,NICKY니키,"630,000","211,220,000",755
924,키즈/어린이,지니어드벤쳐 GeniAdventure (공룡∙과학 Dinosaurs),"620,000","612,620,000",422
925,미분류,쿡피아 Cookpia,"620,000","93,410,000",179
926,취미/라이프,공구왕황부장,"620,000","142,900,000",510
929,미분류,Wolves,"620,000","149,020,000","2,160"
928,미분류,교양만두,"620,000","124,670,000",122
927,음식/요리/레시피,맛상무,"620,000","244,810,000","1,332"
932,게임,진호,"620,000","354,870,000","2,639"
931,뉴스/정치/사회,[팟빵] 매불쇼,"620,000","237,310,000",949
930,BJ/인물/연예인,예씨 yessii,"620,000","432,880,000",901
933,TV/방송,Rio y Christian,"620,000","55,010,000",296
934,뉴스/정치/사회,이재명,"620,000","111,880,000","1,557"
935,취미/라이프,여정을떠난여정,"620,000","144,180,000",288
938,미분류,버미쌤,"620,000","134,700,000",262
937,패션/미용,골근위수영뷰티아카데미,"620,000","439,730,000",460
936,게임,눈쟁이,"620,000","266,700,000","2,256"
940,미분류,캡틴 파추호 Captain PaChuHO,"610,000","39,910,000",60
939,TV/방송,tvN insight,"610,000","221,310,000","1,919"
942,미분류,춤추는곰돌,"610,000","332,380,000","2,467"
941,게임,코아 TV,"610,000","504,640,000","1,236"
944,키즈/어린이,버섯도리,"610,000","741,860,000",681
943,TV/방송,Ripple_S,"610,000","371,090,000",840
946,게임,JUNE,"610,000","733,030,000","1,436"
945,음식/요리/레시피,창배먹방 chang_bae,"610,000","279,830,000","1,405"
951,미분류,ASMR Boyoung 반보영,"610,000","102,820,000",178
948,미분류,로하Roha,"610,000","93,590,000",143
947,음식/요리/레시피,바다곰 조해웅Seabear,"610,000","139,670,000",434
949,음악/댄스/가수,FTISLAND (FT아일랜드),"610,000","158,660,000",149
950,TV/방송,drighk fancam 2015,"610,000","20,690,000",215
952,미분류,코믹마트,"610,000","239,070,000",342
955,TV/방송,Olive,"610,000","688,900,000","17,112"
954,TV/방송,코니tv conitv,"610,000","110,380,000",560
953,뉴스/정치/사회,쓸모왕,"610,000","510,120,000",850
957,미분류,영기티비,"600,000","107,170,000",244
956,게임,자몽티비,"600,000","622,340,000","2,300"
959,미분류,앗무만 ATMUMAN,"600,000","65,660,000",45
958,뉴스/정치/사회,국방TV,"600,000","575,520,000","11,709"
963,미분류,강쉪,"600,000","139,860,000",729
962,미분류,Everton Football Club,"600,000","172,310,000","2,748"
961,미분류,LunLuns,"600,000","205,500,000",282
960,TV/방송,티키틱 TIKITIK,"600,000","140,020,000",157
965,미분류,천재견 사월이sawol,"600,000","144,000,000",159
964,TV/방송,KBS역사저널 그날,"600,000","221,410,000","2,737"
966,IT/기술/컴퓨터,테크몽 Techmong,"600,000","97,080,000",336
969,미분류,Melon 멜론,"600,000","92,190,000",323
968,게임,서넹,"600,000","229,160,000","2,977"
967,게임,형독방송,"600,000","568,030,000","1,900"
971,게임,임선비,"600,000","302,560,000","1,052"
970,음식/요리/레시피,정육왕 MeatCreator,"600,000","148,740,000",499
973,미분류,정라레_Lifestyle Doctor,"590,000","87,830,000",328
972,취미/라이프,ConCorea TV,"590,000","15,320,000",633
975,TV/방송,KBS여행 걸어서 세계속으로,"590,000","196,940,000","10,471"
974,뉴스/정치/사회,CBS 김현정의 뉴스쇼,"590,000","262,960,000","12,123"
979,음식/요리/레시피,앵쩡TV,"590,000","109,240,000",321
978,뉴스/정치/사회,연합뉴스 Yonhapnews,"590,000","1,482,700,000","30,140"
977,음악/댄스/가수,TVXQ!,"590,000","57,310,000",89
976,TV/방송,코미꼬,"590,000","164,740,000",480
980,TV/방송,씨그널V [ Signal V ],"590,000","215,690,000",624
982,키즈/어린이,Troom Troom Kr,"590,000","415,540,000","2,123"
981,게임,TV대정령,"590,000","639,050,000","7,549"
983,음식/요리/레시피,[Flower pig]꽃돼지,"590,000","210,640,000","1,345"
985,게임,[ALTUBE] 김성현TV,"590,000","468,530,000","2,138"
984,TV/방송,레이디액션,"590,000","361,710,000",425
993,미분류,TY TRACK,"590,000","2,820,000",4
988,미분류,드립팩토리 [Dlib Factory],"590,000","228,510,000",243
987,뉴스/정치/사회,[공식] 새날,"590,000","399,290,000","6,661"
990,음악/댄스/가수,온스테이지ONSTAGE,"590,000","259,190,000","2,441"
986,키즈/어린이,Clevr TV [클레버티비],"590,000","611,870,000","1,980"
992,BJ/인물/연예인,덕자전성시대,"590,000","80,750,000",210
991,미분류,성창경 TV,"590,000","519,860,000","10,058"
989,패션/미용,leeanfilm리안,"590,000","51,900,000",199
996,미분류,먹보스 쭈엽이,"580,000","90,720,000",69
995,TV/방송,석준이가해,"580,000","139,290,000",253
994,애완/반려동물,김메주와 고양이들,"580,000","209,780,000","1,060"
997,미분류,일주어터,"580,000","118,380,000",194
1001,미분류,쏘대장,"580,000","131,650,000",352
1000,영화/만화/애니,네이버 웹툰,"580,000","432,110,000",833
999,음악/댄스/가수,DanalEntertainment,"580,000","316,800,000","10,089"
